ProductID,ProductName,ProductCategory,Supplier
136,Hit,Groceries,Sullivan-Munoz
114,Stuff,Home Goods,Jackson Ltd
934,Physical,Home Goods,"Juarez, Rice and Jimenez"
680,Since,Electronics,"Zuniga, Weber and Hall"
289,Act,Home Goods,Butler Group
988,Beat,Clothing,Good-Stein
825,Article,Home Goods,Mercado-Mason
781,Believe,Home Goods,"Erickson, Schultz and Fischer"
597,Through,Books,"Summers, Marshall and Willis"
837,Data,Groceries,"Martin, Cervantes and Garcia"
789,Test,Clothing,Johnson LLC
798,Agency,Home Goods,Carlson-Nunez
428,Feeling,Home Goods,Patrick-Roberts
625,Such,Home Goods,Taylor PLC
464,Carry,Clothing,"Hall, Evans and Lee"
410,Place,Books,Henson Ltd
576,Light,Books,Myers Group
364,Try,Electronics,Hudson-Young
378,Prove,Home Goods,Jackson-Maldonado
735,Specific,Home Goods,"Gallegos, Ortiz and Johnson"
234,Outside,Books,Anderson-Davis
833,Term,Clothing,Andrews-Weeks
703,Choice,Electronics,Gonzales-French
845,Cut,Electronics,"Hudson, Williamson and Villa"
199,Fight,Books,Mcdaniel Ltd
688,Have,Home Goods,Taylor-Williams
372,Stand,Books,Moore and Sons
557,What,Clothing,Brooks PLC
104,Understand,Books,Hunt-Schmidt
614,Cell,Home Goods,"Delgado, Scott and Owens"
352,Line,Groceries,Gross LLC
751,Soldier,Clothing,"Malone, Maldonado and Wood"
512,Reality,Books,Richardson-Dixon
740,To,Clothing,Levine LLC
474,Security,Electronics,Burgess-Robbins
651,Color,Books,"Osborne, Jackson and Hill"
560,Television,Home Goods,"Ramirez, Lee and Torres"
272,Front,Books,"Frost, Turner and Arnold"
173,Include,Electronics,"Gallegos, Sanchez and Velasquez"
131,Former,Books,Jones Ltd
119,About,Home Goods,Ray-Flowers
516,Seven,Clothing,"Luna, Sims and Hester"
417,Know,Books,West PLC
436,Determine,Groceries,Farmer and Sons
447,Perhaps,Books,"Moore, Juarez and Hall"
282,Itself,Home Goods,Thompson LLC
409,Arrive,Groceries,"Smith, Stout and Oneill"
405,Health,Electronics,Thompson-Adams
749,Box,Electronics,Klein-Ritter
893,Police,Electronics,"Henson, Bell and Black"
395,Fly,Books,Cole-Price
247,Stay,Electronics,Thompson and Sons
952,Number,Home Goods,Gutierrez Group
857,Tree,Clothing,"Burton, Clark and Jenkins"
434,Black,Home Goods,Brown-Smith
138,Believe,Electronics,Macias PLC
555,Current,Groceries,Gonzalez-Rubio
132,First,Clothing,Taylor-Booth
894,Front,Groceries,Castro-Morales
924,Customer,Clothing,"Hawkins, Pham and Kelly"
660,Practice,Clothing,Miller and Sons
549,Technology,Electronics,Romero-Adams
491,Risk,Clothing,Moore-Davis
531,Democrat,Books,Cook-Francis
158,Determine,Books,"Vasquez, Thompson and Contreras"
954,Design,Home Goods,"Bradley, Jones and Robbins"
424,Summer,Electronics,"Huff, Weber and Navarro"
710,Kind,Groceries,Fitzpatrick-Poole
752,Sure,Groceries,Lopez Ltd
422,Door,Books,"Green, Baker and Frye"
816,Ok,Books,"Rodriguez, George and Kim"
667,Red,Books,Wilson LLC
851,Realize,Clothing,Wright Group
146,Air,Electronics,"Barnes, Duran and Harris"
817,Interest,Groceries,"Williams, Powell and Stokes"
479,Open,Books,"Brown, Johnson and Moore"
818,Skin,Electronics,Mccoy Inc
846,Soldier,Books,Garcia-Jones
184,This,Electronics,"Francis, Davis and Gonzales"
603,Building,Home Goods,Holland PLC
876,Alone,Electronics,"Ryan, Beasley and Oconnor"
401,Brother,Home Goods,"Serrano, Mccann and Singh"
278,Improve,Home Goods,Floyd Group
800,Lead,Electronics,Kim and Sons
629,After,Groceries,"Mclean, Jackson and Christian"
771,Send,Home Goods,Obrien-Herman
860,Notice,Home Goods,Cummings-Raymond
137,Least,Clothing,Gray PLC
820,Hot,Home Goods,Ray-Hunt
637,Bag,Books,"Miller, Serrano and Garcia"
765,Tend,Home Goods,Khan-Gould
429,Successful,Electronics,Williams-Baker
957,Along,Electronics,Ruiz Ltd
269,Including,Books,Gonzalez-Nelson
858,Thus,Books,"Maldonado, Cochran and Rosales"
835,Serve,Books,Parks-Ruiz
353,Camera,Groceries,Flowers Ltd
511,Activity,Books,"Carlson, Fuller and Kerr"
301,Season,Electronics,Burns-Sexton
607,Relate,Home Goods,"Ramos, White and Steele"
